{"cameraMode":{"drawMode":0,"name":"Shaded","section":"Shading Mode"},"sceneLighting":true,"audioPlay":false,"sceneViewState":{"showFog":true,"showMaterialUpdate":false,"showSkybox":true,"showFlares":true,"showImageEffects":true,"showParticleSystems":true},"in2DMode":false,"pivot":{"x":-11.165088653564454,"y":3.143872022628784,"z":5.524868965148926},"rotation":{"x":-0.08619306981563568,"y":0.1308608204126358,"z":-0.011030387133359909,"w":-0.987654983997345},"size":17.359325408935548,"orthographic":false}